title	author	genre	year	link	tags
Dune	Frank Herbert	Science Fiction	1965	https://en.wikipedia.org/wiki/Dune_(novel)	science fiction ecology politics
The Left Hand of Darkness	Ursula K. Le Guin	Science Fiction	1969	https://en.wikipedia.org/wiki/The_Left_Hand_of_Darkness	science fiction society anthropology
The Dispossessed	Ursula K. Le Guin	Science Fiction	1974	https://en.wikipedia.org/wiki/The_Dispossessed	science fiction politics society
Frankenstein	Mary Shelley	Science Fiction	1818	https://en.wikipedia.org/wiki/Frankenstein	science fiction technology ethics
The Hobbit	J. R. R. Tolkien	Fantasy	1937	https://en.wikipedia.org/wiki/The_Hobbit	fantasy adventure friendship
A Wizard of Earthsea	Ursula K. Le Guin	Fantasy	1968	https://en.wikipedia.org/wiki/A_Wizard_of_Earthsea	fantasy identity adventure
Pride and Prejudice	Jane Austen	Classics	1813	https://en.wikipedia.org/wiki/Pride_and_Prejudice	classics romance society
Jane Eyre	Charlotte Bronte	Classics	1847	https://en.wikipedia.org/wiki/Jane_Eyre	classics identity romance
Walden	Henry David Thoreau	Nature	1854	https://en.wikipedia.org/wiki/Walden	nature philosophy simplicity
Silent Spring	Rachel Carson	Nature	1962	https://en.wikipedia.org/wiki/Silent_Spring	nature ecology science
The Origin of Species	Charles Darwin	Science	1859	https://en.wikipedia.org/wiki/On_the_Origin_of_Species	science nature evolution
A Brief History of Time	Stephen Hawking	Science	1988	https://en.wikipedia.org/wiki/A_Brief_History_of_Time	science space physics
The Art of War	Sun Tzu	History	unknown	https://en.wikipedia.org/wiki/The_Art_of_War	history strategy leadership
The Souls of Black Folk	W. E. B. Du Bois	History	1903	https://en.wikipedia.org/wiki/The_Souls_of_Black_Folk	history society essays
The Pragmatic Programmer	Andrew Hunt and David Thomas	Technology	1999	https://en.wikipedia.org/wiki/The_Pragmatic_Programmer	technology programming software
The Mythical Man-Month	Frederick P. Brooks Jr.	Technology	1975	https://en.wikipedia.org/wiki/The_Mythical_Man-Month	technology programming management
Meditations	Marcus Aurelius	Philosophy	unknown	https://en.wikipedia.org/wiki/Meditations	philosophy resilience reflection
The Odyssey	Homer	Poetry	unknown	https://en.wikipedia.org/wiki/Odyssey	poetry adventure classics
The Little Prince	Antoine de Saint-Exupery	Fable	1943	https://en.wikipedia.org/wiki/The_Little_Prince	friendship reflection imagination
The Wonderful Wizard of Oz	L. Frank Baum	Children	1900	https://en.wikipedia.org/wiki/The_Wonderful_Wizard_of_Oz	adventure imagination friendship
The Guns of August	Barbara W. Tuchman	History	1962	https://www.loa.org/books/356-the-guns-of-august-the-proud-tower/	history world war politics
The Proud Tower	Barbara W. Tuchman	History	1966	https://www.loa.org/books/356-the-guns-of-august-the-proud-tower/	history society politics
The Fellowship of the Ring	J. R. R. Tolkien	Fantasy	1954	https://en.wikipedia.org/wiki/The_Fellowship_of_the_Ring	fantasy adventure friendship
The Two Towers	J. R. R. Tolkien	Fantasy	1954	https://en.wikipedia.org/wiki/The_Two_Towers	fantasy adventure friendship
Dune Messiah	Frank Herbert	Science Fiction	1969	https://www.randomhousebooks.com/books/342568/	science fiction politics society
Children of Dune	Frank Herbert	Science Fiction	1976	https://penguinrandomhouselibrary.com/book/?isbn=9780593201749	science fiction ecology politics
